[
    {
        "name": "__internal_compress_integral_utinyint",
        "parameters": "",
        "description": "",
        "example": "",
        "type": "scalar_function_set"
    },
    {
        "name": "__internal_compress_integral_usmallint",
        "parameters": "",
        "description": "",
        "example": "",
        "type": "scalar_function_set"
    },
    {
        "name": "__internal_compress_integral_uinteger",
        "parameters": "",
        "description": "",
        "example": "",
        "type": "scalar_function_set"
    },
    {
        "name": "__internal_compress_integral_ubigint",
        "parameters": "",
        "description": "",
        "example": "",
        "type": "scalar_function_set"
    },
    {
        "name": "__internal_compress_string_utinyint",
        "parameters": "",
        "description": "",
        "example": "",
        "type": "scalar_function"
    },
    {
        "name": "__internal_compress_string_usmallint",
        "parameters": "",
        "description": "",
        "example": "",
        "type": "scalar_function"
    },
    {
        "name": "__internal_compress_string_uinteger",
        "parameters": "",
        "description": "",
        "example": "",
        "type": "scalar_function"
    },
    {
        "name": "__internal_compress_string_ubigint",
        "parameters": "",
        "description": "",
        "example": "",
        "type": "scalar_function"
    },
    {
        "name": "__internal_compress_string_hugeint",
        "parameters": "",
        "description": "",
        "example": "",
        "type": "scalar_function"
    },
    {
        "name": "__internal_decompress_integral_smallint",
        "parameters": "",
        "description": "",
        "example": "",
        "type": "scalar_function_set"
    },
    {
        "name": "__internal_decompress_integral_integer",
        "parameters": "",
        "description": "",
        "example": "",
        "type": "scalar_function_set"
    },
    {
        "name": "__internal_decompress_integral_bigint",
        "parameters": "",
        "description": "",
        "example": "",
        "type": "scalar_function_set"
    },
    {
        "name": "__internal_decompress_integral_hugeint",
        "parameters": "",
        "description": "",
        "example": "",
        "type": "scalar_function_set"
    },
    {
        "name": "__internal_decompress_integral_usmallint",
        "parameters": "",
        "description": "",
        "example": "",
        "type": "scalar_function_set"
    },
    {
        "name": "__internal_decompress_integral_uinteger",
        "parameters": "",
        "description": "",
        "example": "",
        "type": "scalar_function_set"
    },
    {
        "name": "__internal_decompress_integral_ubigint",
        "parameters": "",
        "description": "",
        "example": "",
        "type": "scalar_function_set"
    },
    {
        "name": "__internal_decompress_integral_uhugeint",
        "parameters": "",
        "description": "",
        "example": "",
        "type": "scalar_function_set"
    },
    {
        "name": "__internal_decompress_string",
        "parameters": "",
        "description": "",
        "example": "",
        "type": "scalar_function_set"
    }
]
